{
  "project_info": {
    "project_number": "1055185817730",
    "project_id": "mobile-kos-uas",
    "storage_bucket": "mobile-kos-uas.appspot.com"
  },
  "client": [
    {
      "client_info": {
        "mobilesdk_app_id": "1:1055185817730:android:882bc5d987687a6b39249b",
        "android_client_info": {
          "package_name": "com.anotherguy.pesankos.pesan_kos"
        }
      },
      "oauth_client": [
        {
          "client_id": "1055185817730-m2rigshndep5cuam31qv323rkv6um1r7.apps.googleusercontent.com",
          "client_type": 3
        }
      ],
      "api_key": [
        {
          "current_key": "AIzaSyCxxt98rvVWn3jcpq4NoDjqIQF_o_gJKOs"
        }
      ],
      "services": {
        "appinvite_service": {
          "other_platform_oauth_client": [
            {
              "client_id": "1055185817730-m2rigshndep5cuam31qv323rkv6um1r7.apps.googleusercontent.com",
              "client_type": 3
            }
          ]
        }
      }
    }
  ],
  "configuration_version": "1"
}